Model_type,Window_size,Movement,Algorithm,Dataset_size,Features,RMSE,R2,RMSE2,R22
LOR,20,1,4,4547,41,11.2395240123993,0.559260075485347,11.1546620869222,0.555163535321867
LOR,20,7,4,634,29,11.6304629418118,0.532817636438248,13.2332092591672,0.39309280302155
LOR,20,10,4,454,32,12.0392842606497,0.453302484875559,11.8236160858429,0.539724127768367
LOR,20,20,4,233,15,11.6889320326626,0.432308088408518,14.8113280723792,0.382288339421034
,,,,,,,,,
LOR,20,1,0,195121,42,6.79256712520522,0.159349216538472,6.8323101099394,0.160140767012455
LOR,20,1,1,765,"42,36",8.21636760653585,0.442827734150576,10.0985182156164,0.322346775938892
LOR,20,1,2,8088,42,9.3645394171433,0.487320189248367,8.70410886005824,0.541802885623488
LOR,20,1,3,21169,41,9.22293650297714,0.463325591779457,9.33858386502838,0.430159473522775
LOR,20,1,4,4547,41,11.2395240123993,0.559260075485347,11.1546620869222,0.555163535321867
LOR,20,1,5,54423,42,8.29334115908583,0.455854904410908,8.1664001006678,0.45406856792556
LOR,20,1,6,11628,42,8.22902614114941,0.46320481364787,7.83057787844407,0.491868949322416
